path,key,value
originals/Magic/assets/ars_jimbaux/lang/af_za.json,ars_jimbaux.rewards.enabled,"Ars Nouveau supporter rewards enabled, thank you! Rewards can be accessed in the Settings page of the spell book."
originals/Magic/assets/ars_jimbaux/lang/ar_sa.json,ars_jimbaux.rewards.enabled,"Ars Nouveau supporter rewards enabled, thank you! Rewards can be accessed in the Settings page of the spell book."
originals/Magic/assets/ars_jimbaux/lang/ca_es.json,ars_jimbaux.rewards.enabled,"Ars Nouveau supporter rewards enabled, thank you! Rewards can be accessed in the Settings page of the spell book."
originals/Magic/assets/ars_jimbaux/lang/cs_cz.json,ars_jimbaux.rewards.enabled,"Ars Nouveau supporter rewards enabled, thank you! Rewards can be accessed in the Settings page of the spell book."
originals/Magic/assets/ars_jimbaux/lang/da_dk.json,ars_jimbaux.rewards.enabled,"Ars Nouveau supporter rewards enabled, thank you! Rewards can be accessed in the Settings page of the spell book."
originals/Magic/assets/ars_jimbaux/lang/de_de.json,ars_jimbaux.rewards.enabled,"Ars Nouveau supporter rewards enabled, thank you! Rewards can be accessed in the Settings page of the spell book."
originals/Magic/assets/ars_jimbaux/lang/el_gr.json,ars_jimbaux.rewards.enabled,"Ars Nouveau supporter rewards enabled, thank you! Rewards can be accessed in the Settings page of the spell book."
originals/Magic/assets/ars_jimbaux/lang/en_us.json,ars_jimbaux.rewards.enabled,"Ars Nouveau supporter rewards enabled, thank you! Rewards can be accessed in the Settings page of the spell book."
originals/Magic/assets/ars_jimbaux/lang/en_us.json,painting.ars_jimbaux.resting_drygmy.author,Gootastic
originals/Magic/assets/ars_jimbaux/lang/en_us.json,painting.ars_jimbaux.starbuncle.author,Gootastic
originals/Magic/assets/ars_jimbaux/lang/fi_fi.json,ars_jimbaux.rewards.enabled,"Ars Nouveau supporter rewards enabled, thank you! Rewards can be accessed in the Settings page of the spell book."
originals/Magic/assets/ars_jimbaux/lang/fr_fr.json,ars_jimbaux.rewards.enabled,"Les récompenses de supporter Ars Nouveau sont activées, merci ! Les récompenses sont accessibles dans la page Paramètres du livre de sorts."
originals/Magic/assets/ars_jimbaux/lang/he_il.json,ars_jimbaux.rewards.enabled,"Ars Nouveau supporter rewards enabled, thank you! Rewards can be accessed in the Settings page of the spell book."
originals/Magic/assets/ars_jimbaux/lang/hu_hu.json,ars_jimbaux.rewards.enabled,"Ars Nouveau supporter rewards enabled, thank you! Rewards can be accessed in the Settings page of the spell book."
originals/Magic/assets/ars_jimbaux/lang/it_it.json,ars_jimbaux.rewards.enabled,"Ars Nouveau supporter rewards enabled, thank you! Rewards can be accessed in the Settings page of the spell book."
originals/Magic/assets/ars_jimbaux/lang/nl_nl.json,ars_jimbaux.rewards.enabled,"Ars Nouveau supporter rewards enabled, thank you! Rewards can be accessed in the Settings page of the spell book."
originals/Magic/assets/ars_jimbaux/lang/no_no.json,ars_jimbaux.rewards.enabled,"Ars Nouveau supporter rewards enabled, thank you! Rewards can be accessed in the Settings page of the spell book."
originals/Magic/assets/ars_jimbaux/lang/pl_pl.json,ars_jimbaux.rewards.enabled,"Ars Nouveau supporter rewards enabled, thank you! Rewards can be accessed in the Settings page of the spell book."
originals/Magic/assets/ars_jimbaux/lang/pt_pt.json,ars_jimbaux.rewards.enabled,"Ars Nouveau supporter rewards enabled, thank you! Rewards can be accessed in the Settings page of the spell book."
originals/Magic/assets/ars_jimbaux/lang/ro_ro.json,ars_jimbaux.rewards.enabled,"Ars Nouveau supporter rewards enabled, thank you! Rewards can be accessed in the Settings page of the spell book."
originals/Magic/assets/ars_jimbaux/lang/sr_sp.json,ars_jimbaux.rewards.enabled,"Ars Nouveau supporter rewards enabled, thank you! Rewards can be accessed in the Settings page of the spell book."
originals/Magic/assets/ars_jimbaux/lang/sv_se.json,ars_jimbaux.rewards.enabled,"Ars Nouveau supporter rewards enabled, thank you! Rewards can be accessed in the Settings page of the spell book."
originals/Magic/assets/ars_jimbaux/lang/tr_tr.json,ars_jimbaux.rewards.enabled,"Ars Nouveau supporter rewards enabled, thank you! Rewards can be accessed in the Settings page of the spell book."
originals/Magic/assets/ars_jimbaux/lang/vi_vn.json,ars_jimbaux.rewards.enabled,"Ars Nouveau supporter rewards enabled, thank you! Rewards can be accessed in the Settings page of the spell book."
originals/Magic/assets/ars_jimbaux/lang/zh_cn.json,ars_jimbaux.rewards.enabled,新生魔艺支持者奖励已启用，非常感谢！奖励可在法术书的配置页面获取。
originals/Magic/assets/ars_jimbaux/lang/zh_cn.json,painting.ars_jimbaux.resting_drygmy.author,Gootastic
originals/Magic/assets/ars_jimbaux/lang/zh_cn.json,painting.ars_jimbaux.starbuncle.author,Gootastic
originals/Magic/lang/cs_cz.json,waystones.iconCredits,Ikony vytvořeny uživatelem JoeCreates (CC-BY-SA 3.0)
originals/Magic/lang/de_de.json,waystones.iconCredits,Symbole von JoeCreates (CC-BY-SA 3.0)
originals/Magic/lang/en_us.json,waystones.iconCredits,Icons by JoeCreates (CC-BY-SA 3.0)
originals/Magic/lang/es_ar.json,waystones.iconCredits,Iconos de JoeCreates (CC-BY-SA 3.0)
originals/Magic/lang/es_cl.json,waystones.iconCredits,Iconos de JoeCreates (CC-BY-SA 3.0)
originals/Magic/lang/es_es.json,waystones.iconCredits,Iconos de JoeCreates (CC-BY-SA 3.0)
originals/Magic/lang/es_mx.json,waystones.iconCredits,Iconos de JoeCreates (CC-BY-SA 3.0)
originals/Magic/lang/fr_fr.json,waystones.iconCredits,Icons by JoeCreates (CC-BY-SA 3.0)
originals/Magic/lang/it_it.json,waystones.iconCredits,Icons by JoeCreates (CC-BY-SA 3.0)
originals/Magic/lang/ja_jp.json,waystones.iconCredits,Icons by JoeCreates (CC-BY-SA 3.0)
originals/Magic/lang/ko_kr.json,waystones.iconCredits,아이콘: JoeCreates (CC-BY-SA 3.0)
originals/Magic/lang/no_no.json,waystones.iconCredits,Icons by JoeCreates (CC-BY-SA 3.0)
originals/Magic/lang/pl_pl.json,waystones.iconCredits,Ikony stworzone przez JoeCreates (CC-BY-SA 3.0)
originals/Magic/lang/pt_br.json,waystones.iconCredits,Ícones por JoeCreates (CC-BY-SA 3.0)
originals/Magic/lang/pt_pt.json,waystones.iconCredits,Ícones por JoeCreates (CC-BY-SA 3.0)
originals/Magic/lang/ru_ru.json,waystones.iconCredits,Иконки сделаны JoeCreates (CC-BY-SA 3.0)
originals/Magic/lang/sv_se.json,waystones.iconCredits,Ikoner av JoeCreates (CC-BY-SA 3.0)
originals/Magic/lang/tr_tr.json,waystones.iconCredits,İkonlar JoeCreates tarafından (CC-BY-SA 3.0)
originals/Magic/lang/uk_ua.json,waystones.iconCredits,Значки від JoeCreates (CC-BY-SA 3.0)
originals/Magic/lang/vi_vn.json,waystones.iconCredits,Icons Bởi JoeCreates (CC-BY-SA 3.0)
originals/Magic/lang/zh_cn.json,waystones.iconCredits,图标作者:JoeCreates (CC-BY-SA 3.0)
originals/Magic/lang/zh_tw.json,waystones.iconCredits,圖示由 JoeCreates 提供（姓名標示-相同方式分享 3.0）
